{
    "order": 0, 
    "robot_pose": {
        "pos_z": 0.0, 
        "pos_x": -6.746453904009988, 
        "pos_y": 0.2034897465163234, 
        "ori_x": 0.0, 
        "ori_y": 0.0, 
        "ori_z": 0.38156684842275834, 
        "ori_w": -0.9243412466101055
    }
}