{
    "order": 0, 
    "robot_pose": {
        "pos_z": 0.0, 
        "pos_x": 0.013333883381636734, 
        "pos_y": 0.04588937377880643, 
        "ori_x": 0.0, 
        "ori_y": 0.0, 
        "ori_z": -0.0030938600339605452, 
        "ori_w": 0.9999952140035923
    }
}