{
    "order": 0, 
    "robot_pose": {
        "pos_z": 0.0, 
        "pos_x": -8.398125558974808, 
        "pos_y": 2.0847629422385405, 
        "ori_x": 0.0, 
        "ori_y": 0.0, 
        "ori_z": -0.41225133478299414, 
        "ori_w": 0.9110701602893378
    }
}