{
    "order": 0, 
    "robot_pose": {
        "pos_z": 0.0, 
        "pos_x": -0.17102687185097634, 
        "pos_y": -0.17341403621388252, 
        "ori_x": 0.0, 
        "ori_y": 0.0, 
        "ori_z": -0.05536806585931982, 
        "ori_w": 0.9984660120820328
    }
}