{
    "order": 1, 
    "robot_pose": {
        "pos_z": 0.0, 
        "pos_x": -7.583281395369301, 
        "pos_y": 1.1974373353937158, 
        "ori_x": 0.0, 
        "ori_y": 0.0, 
        "ori_z": -0.38435922135024325, 
        "ori_w": 0.9231836160607676
    }
}