{
   "order" : 0,
   "robot_pose" : {
      "ori_w" : 0.99997542567563957,
      "ori_x" : 0,
      "ori_y" : 0,
      "ori_z" : 0.0070105666549410434,
      "pos_x" : -0.0090275746583154473,
      "pos_y" : 0.01617900456888452,
      "pos_z" : 0
   }
}
